"1","Julia","Grant","Female","jgrant0@mysql.com"
"2","Pamela","Moreno","Female","pmoreno1@taobao.com"
"3","Martin","Bell","Male","mbell2@wsj.com"
"4","Bruce","Hudson","Male","bhudson3@sciencedaily.com"
"5","Randy","Lee","Male",""
"6","Wayne","Nichols","Male","wnichols5@craigslist.org"
"7","Phyllis","Kelley","Female","pkelley6@godaddy.com"
"8","Sarah","Harvey","Female","sharvey7@hp.com"
"9","Sean","Stephens","Male",""
"10","Kelly","Moore","Female","kmoore9@163.com"
"11","Eugene","Graham","Male","egrahama@toplist.cz"
"12","Linda","Bell","Female","lbellb@economist.com"
"13","Peter","Snyder","Male","psnyderc@csmonitor.com"
"14","Eric","Marshall","Male","emarshalld@hud.gov"
"15","Betty","George","Female","bgeorgee@europa.eu"
"16","Ralph","Hughes","Male",""
"17","Andrea","Flores","Female",""
"18","Diane","Hawkins","Female","dhawkinsh@huffingtonpost.com"
"19","Alan","Phillips","Male",""
"20","Ruby","Hernandez","Female","rhernandezj@simplemachines.org"
"21","Clarence","Johnson","Male",""
"22","Lori","Tucker","Female","ltuckerl@paginegialle.it"
"23","Norma","Walker","Female","nwalkerm@github.io"
"24","Craig","Johnson","Male",""
"25","Christina","Bowman","Female","cbowmano@seattletimes.com"
"26","Anne","Morrison","Female",""
"27","Theresa","Ruiz","Female","truizq@github.com"
"28","Rachel","Woods","Female","rwoodsr@ning.com"
"29","Matthew","Morrison","Male","mmorrisons@alexa.com"
"30","Ralph","Campbell","Male","rcampbellt@hostgator.com"
"31","Nicholas","Simmons","Male",""
"32","George","Crawford","Male","gcrawfordv@shinystat.com"
"33","Judith","Snyder","Female","jsnyderw@yahoo.com"
"34","Christina","Hill","Female",""
"35","Kathryn","Reid","Female","kreidy@sciencedirect.com"
"36","Gary","Elliott","Male",""
"37","Rachel","Gibson","Female","rgibson10@bloglines.com"
"38","Willie","Perkins","Male","wperkins11@miitbeian.gov.cn"
"39","Jonathan","Bryant","Male","jbryant12@sciencedaily.com"
"40","Patrick","Reyes","Male","preyes13@myspace.com"
"41","Chris","Nichols","Male","cnichols14@berkeley.edu"
"42","Ruby","Chapman","Female","rchapman15@whitehouse.gov"
"43","Aaron","Wood","Male",""
"44","Sarah","Davis","Female","sdavis17@constantcontact.com"
"45","Tammy","Kennedy","Female",""
"46","Katherine","Patterson","Female","kpatterson19@facebook.com"
"47","Ronald","Young","Male","ryoung1a@uol.com.br"
"48","Douglas","Hicks","Male",""
"49","Jennifer","Harrison","Female","jharrison1c@vimeo.com"
"50","Peter","Little","Male","plittle1d@discuz.net"
"51","Phyllis","Bryant","Female","pbryant1e@alexa.com"
"52","Steve","Sullivan","Male","ssullivan1f@geocities.com"
"53","Ralph","Harrison","Male","rharrison1g@tripod.com"
"54","Samuel","Knight","Male","sknight1h@adobe.com"
"55","Benjamin","Garrett","Male","bgarrett1i@netlog.com"
"56","Tammy","Bradley","Female","tbradley1j@independent.co.uk"
"57","Barbara","Gibson","Female","bgibson1k@wisc.edu"
"58","Justin","Hawkins","Male","jhawkins1l@clickbank.net"
"59","Andrew","James","Male","ajames1m@abc.net.au"
"60","Kathryn","Campbell","Female","kcampbell1n@zimbio.com"
"61","Louise","Welch","Female","lwelch1o@elegantthemes.com"
"62","Theresa","Marshall","Female",""
"63","Kevin","Ruiz","Male","kruiz1q@spotify.com"
"64","Theresa","Duncan","Female","tduncan1r@wired.com"
"65","Wanda","Martin","Female",""
"66","Helen","Pierce","Female","hpierce1t@noaa.gov"
"67","Ralph","Romero","Male",""
"68","Ryan","Carter","Male","rcarter1v@spiegel.de"
"69","Sean","Kelly","Male","skelly1w@foxnews.com"
"70","Patrick","Dean","Male","pdean1x@foxnews.com"
"71","Joan","Howell","Female","jhowell1y@reference.com"
"72","Adam","Shaw","Male","ashaw1z@java.com"
"73","Eugene","Nichols","Male","enichols20@multiply.com"
"74","Mark","Patterson","Male","mpatterson21@exblog.jp"
"75","Nicholas","George","Male",""
"76","Brandon","Martinez","Male",""
"77","James","Wilson","Male","jwilson24@networkadvertising.org"
"78","Andrew","Thomas","Male","athomas25@scribd.com"
"79","Walter","Flores","Male","wflores26@auda.org.au"
"80","Barbara","Jenkins","Female","bjenkins27@hud.gov"
"81","Betty","Hunt","Female",""
"82","Donna","Reed","Female","dreed29@vimeo.com"
"83","Adam","Martin","Male",""
"84","Julia","Reid","Female","jreid2b@cornell.edu"
"85","Thomas","Torres","Male","ttorres2c@mayoclinic.com"
"86","Bruce","Gordon","Male","bgordon2d@irs.gov"
"87","Juan","Rodriguez","Male","jrodriguez2e@icio.us"
"88","Karen","Williamson","Female","kwilliamson2f@netscape.com"
"89","Stephanie","Hanson","Female","shanson2g@wp.com"
"90","Doris","Flores","Female","dflores2h@goodreads.com"
"91","Bonnie","Wood","Female","bwood2i@accuweather.com"
"92","Cynthia","Carpenter","Female","ccarpenter2j@ft.com"
"93","Antonio","Jordan","Male","ajordan2k@linkedin.com"
"94","Eugene","Coleman","Male","ecoleman2l@deviantart.com"
"95","Christopher","Daniels","Male",""
"96","Marilyn","Warren","Female","mwarren2n@smugmug.com"
"97","Cheryl","Cooper","Female","ccooper2o@telegraph.co.uk"
"98","Evelyn","Peters","Female","epeters2p@aol.com"
"99","Bonnie","Peterson","Female","bpeterson2q@usgs.gov"
"100","Antonio","Knight","Male","aknight2r@ow.ly"
"101","Clarence","Olson","Male",""
"102","Rebecca","Willis","Female","rwillis2t@tinyurl.com"
"103","Anne","Fuller","Female","afuller2u@marketwatch.com"
"104","Carol","Gardner","Female",""
"105","Terry","Martinez","Male",""
"106","Susan","Chavez","Female",""
"107","Sean","Bowman","Male","sbowman2y@eventbrite.com"
"108","Kimberly","Mcdonald","Female","kmcdonald2z@state.gov"
"109","Howard","Foster","Male","hfoster30@stumbleupon.com"
"110","Donald","Bell","Male","dbell31@omniture.com"
"111","Rachel","Miller","Female","rmiller32@godaddy.com"
"112","Marie","Kelley","Female","mkelley33@constantcontact.com"
"113","Kelly","Jacobs","Female","kjacobs34@netscape.com"
"114","Jean","Dixon","Female","jdixon35@hexun.com"
"115","Emily","Ross","Female","eross36@go.com"
"116","Pamela","Young","Female","pyoung37@timesonline.co.uk"
"117","Jean","Lane","Female","jlane38@bandcamp.com"
"118","Doris","Olson","Female",""
"119","Theresa","Lee","Female",""
"120","Marilyn","Cole","Female",""
"121","Marie","Franklin","Female","mfranklin3c@alexa.com"
"122","Cynthia","Stewart","Female",""
"123","Beverly","Duncan","Female","bduncan3e@narod.ru"
"124","Nicole","Flores","Female","nflores3f@wired.com"
"125","Adam","Reynolds","Male","areynolds3g@list-manage.com"
"126","Ann","Roberts","Female","aroberts3h@comcast.net"
"127","Alan","Stone","Male",""
"128","Martin","Miller","Male","mmiller3j@oakley.com"
"129","Larry","Brooks","Male","lbrooks3k@state.tx.us"
"130","Steve","Austin","Male","saustin3l@newyorker.com"
"131","Judith","Henderson","Female",""
"132","Arthur","Burke","Male",""
"133","Rebecca","Powell","Female","rpowell3o@theatlantic.com"
"134","Jacqueline","Knight","Female","jknight3p@people.com.cn"
"135","Mary","Montgomery","Female",""
"136","Jimmy","Dunn","Male",""
"137","Wanda","George","Female",""
"138","Matthew","Chavez","Male","mchavez3t@cnn.com"
"139","Brian","Harris","Male",""
"140","Charles","Davis","Male","cdavis3v@dmoz.org"
"141","Brenda","Diaz","Female",""
"142","Katherine","Jackson","Female","kjackson3x@xinhuanet.com"
"143","Diana","Rogers","Female","drogers3y@eventbrite.com"
"144","Jeffrey","Porter","Male","jporter3z@php.net"
"145","Ashley","Garrett","Female","agarrett40@huffingtonpost.com"
"146","Fred","Kelley","Male",""
"147","Dorothy","Daniels","Female","ddaniels42@loc.gov"
"148","Marilyn","Rogers","Female","mrogers43@state.tx.us"
"149","Aaron","Fuller","Male",""
"150","Chris","Clark","Male","cclark45@wired.com"
"151","Phillip","Simmons","Male","psimmons46@reddit.com"
"152","Debra","Tucker","Female","dtucker47@slate.com"
"153","Sara","Hart","Female","shart48@ebay.co.uk"
"154","Sharon","Flores","Female","sflores49@businessinsider.com"
"155","Matthew","Smith","Male",""
"156","Robert","Thomas","Male","rthomas4b@sitemeter.com"
"157","Jose","Howard","Male","jhoward4c@bloglines.com"
"158","Donald","Mendoza","Male","dmendoza4d@yandex.ru"
"159","Joyce","Torres","Female","jtorres4e@ameblo.jp"
"160","Catherine","Owens","Female",""
"161","Jacqueline","Wagner","Female","jwagner4g@blogspot.com"
"162","Steven","Hughes","Male","shughes4h@booking.com"
"163","Michelle","Fuller","Female",""
"164","Ernest","Olson","Male","eolson4j@alexa.com"
"165","Diane","Gardner","Female","dgardner4k@soundcloud.com"
"166","Rebecca","Gomez","Female",""
"167","Cynthia","Meyer","Female","cmeyer4m@google.com.br"
"168","Lori","Matthews","Female",""
"169","Ernest","Patterson","Male",""
"170","Katherine","Wilson","Female","kwilson4p@biglobe.ne.jp"
"171","Gloria","Kim","Female","gkim4q@house.gov"
"172","Raymond","Owens","Male","rowens4r@tripod.com"
"173","Arthur","Crawford","Male","acrawford4s@e-recht24.de"
"174","Alan","Bailey","Male","abailey4t@wunderground.com"
"175","Albert","Green","Male","agreen4u@cdbaby.com"
"176","Russell","Mason","Male","rmason4v@godaddy.com"
"177","Barbara","Franklin","Female","bfranklin4w@gmpg.org"
"178","Douglas","Rogers","Male","drogers4x@si.edu"
"179","Dennis","Moore","Male","dmoore4y@deviantart.com"
"180","Elizabeth","Brown","Female","ebrown4z@icio.us"
"181","Alice","Dixon","Female",""
"182","Maria","Diaz","Female","mdiaz51@pcworld.com"
"183","Randy","Knight","Male","rknight52@livejournal.com"
"184","Michelle","Evans","Female","mevans53@devhub.com"
"185","Ronald","Moore","Male","rmoore54@admin.ch"
"186","Jose","Howard","Male","jhoward55@google.de"
"187","Brenda","Crawford","Female","bcrawford56@hugedomains.com"
"188","Kimberly","Davis","Female","kdavis57@noaa.gov"
"189","Sarah","Palmer","Female","spalmer58@trellian.com"
"190","Ruby","Armstrong","Female","rarmstrong59@addthis.com"
"191","Arthur","Hicks","Male","ahicks5a@hp.com"
"192","Virginia","Perkins","Female","vperkins5b@geocities.com"
"193","Gerald","Smith","Male","gsmith5c@hostgator.com"
"194","Rachel","Cook","Female","rcook5d@google.com.br"
"195","Rebecca","Day","Female","rday5e@hibu.com"
"196","Gloria","Day","Female",""
"197","Anna","Baker","Female","abaker5g@constantcontact.com"
"198","Cynthia","Gibson","Female","cgibson5h@harvard.edu"
"199","Todd","Phillips","Male","tphillips5i@irs.gov"
"200","Janet","Stewart","Female","jstewart5j@adobe.com"
"201","Gregory","Thompson","Male","gthompson5k@washington.edu"
"202","Amanda","Banks","Female","abanks5l@chicagotribune.com"
"203","Anne","Lewis","Female","alewis5m@goo.ne.jp"
"204","Jean","Knight","Female","jknight5n@eventbrite.com"
"205","Ann","Rice","Female","arice5o@posterous.com"
"206","Brenda","Brown","Female",""
"207","Maria","Warren","Female","mwarren5q@topsy.com"
"208","Karen","Carpenter","Female","kcarpenter5r@ustream.tv"
"209","Anthony","Allen","Male","aallen5s@ow.ly"
"210","Ryan","Brown","Male","rbrown5t@joomla.org"
"211","Charles","Anderson","Male",""
"212","Denise","Freeman","Female",""
"213","Emily","Andrews","Female","eandrews5w@posterous.com"
"214","Jacqueline","Harper","Female","jharper5x@google.de"
"215","Brenda","Carr","Female","bcarr5y@ebay.com"
"216","Ashley","Adams","Female","aadams5z@sbwire.com"
"217","Bobby","Brown","Male",""
"218","Randy","Duncan","Male",""
"219","Jane","Hunter","Female","jhunter62@hatena.ne.jp"
"220","Deborah","Hughes","Female","dhughes63@jalbum.net"
"221","Marie","Powell","Female","mpowell64@dailymail.co.uk"
"222","Richard","Larson","Male",""
"223","Virginia","Garza","Female","vgarza66@chicagotribune.com"
"224","Patrick","Hunter","Male","phunter67@unicef.org"
"225","Joan","Andrews","Female","jandrews68@theglobeandmail.com"
"226","Denise","Montgomery","Female",""
"227","Patrick","Hansen","Male","phansen6a@dell.com"
"228","Jeremy","Bennett","Male","jbennett6b@ca.gov"
"229","Mildred","Banks","Female","mbanks6c@google.co.uk"
"230","Andrew","Harper","Male","aharper6d@netvibes.com"
"231","Sharon","Thomas","Female","sthomas6e@unesco.org"
"232","Jessica","Richardson","Female","jrichardson6f@irs.gov"
"233","Beverly","Jackson","Female","bjackson6g@pagesperso-orange.fr"
"234","Linda","Ford","Female",""
"235","Linda","West","Female","lwest6i@wikispaces.com"
"236","Joyce","Harper","Female","jharper6j@vistaprint.com"
"237","Clarence","Cole","Male","ccole6k@mlb.com"
"238","Ruby","Wood","Female","rwood6l@pcworld.com"
"239","Peter","Watson","Male","pwatson6m@ycombinator.com"
"240","Larry","Jordan","Male","ljordan6n@ucla.edu"
"241","Kimberly","Sanders","Female","ksanders6o@globo.com"
"242","Janet","Bishop","Female","jbishop6p@t-online.de"
"243","Roy","Allen","Male",""
"244","Randy","Romero","Male","rromero6r@intel.com"
"245","Jessica","Reed","Female","jreed6s@merriam-webster.com"
"246","Pamela","Ramirez","Female","pramirez6t@senate.gov"
"247","Peter","Robertson","Male","probertson6u@hugedomains.com"
"248","Robin","Bennett","Female","rbennett6v@google.de"
"249","Samuel","Garza","Male","sgarza6w@yellowpages.com"
"250","Bobby","Wood","Male",""
"251","Judy","Simpson","Female","jsimpson6y@moonfruit.com"
"252","Mildred","Sanders","Female","msanders6z@state.gov"
"253","Clarence","Johnson","Male",""
"254","Brenda","Banks","Female","bbanks71@msu.edu"
"255","Charles","Andrews","Male",""
"256","Sean","Frazier","Male","sfrazier73@va.gov"
"257","Sarah","Bishop","Female","sbishop74@latimes.com"
"258","Judith","Nguyen","Female","jnguyen75@google.co.uk"
"259","Edward","Murray","Male","emurray76@mayoclinic.com"
"260","Mildred","Rose","Female","mrose77@twitter.com"
"261","Lisa","Banks","Female","lbanks78@vk.com"
"262","Gerald","Long","Male","glong79@sciencedirect.com"
"263","Mark","Bailey","Male","mbailey7a@livejournal.com"
"264","Douglas","Ward","Male","dward7b@cbslocal.com"
"265","Juan","Rivera","Male","jrivera7c@bloglines.com"
"266","Daniel","Romero","Male","dromero7d@tripadvisor.com"
"267","Johnny","Chapman","Male","jchapman7e@dailymotion.com"
"268","Aaron","Marshall","Male",""
"269","Catherine","Hunter","Female","chunter7g@aboutads.info"
"270","Catherine","Carter","Female",""
"271","Lois","Richardson","Female","lrichardson7i@surveymonkey.com"
"272","Fred","Arnold","Male","farnold7j@mtv.com"
"273","Steve","Mills","Male","smills7k@cyberchimps.com"
"274","Roy","Mcdonald","Male","rmcdonald7l@wikipedia.org"
"275","Henry","Burke","Male",""
"276","Antonio","Burton","Male","aburton7n@rakuten.co.jp"
"277","Judy","Powell","Female","jpowell7o@ca.gov"
"278","Wanda","Chapman","Female","wchapman7p@yandex.ru"
"279","Sarah","Gonzalez","Female","sgonzalez7q@google.pl"
"280","Dorothy","Green","Female","dgreen7r@opera.com"
"281","Charles","Warren","Male","cwarren7s@pbs.org"
"282","Rebecca","Morrison","Female","rmorrison7t@phoca.cz"
"283","Sarah","Ross","Female","sross7u@google.com.hk"
"284","Earl","Kim","Male","ekim7v@lulu.com"
"285","Larry","Washington","Male","lwashington7w@ca.gov"
"286","Brenda","Mitchell","Female","bmitchell7x@rediff.com"
"287","Kimberly","Peters","Female","kpeters7y@mozilla.com"
"288","Jane","Banks","Female",""
"289","Sharon","Moore","Female",""
"290","Gerald","White","Male",""
"291","Andrew","Dixon","Male","adixon82@dion.ne.jp"
"292","Sandra","Marshall","Female","smarshall83@mozilla.com"
"293","Karen","Reed","Female","kreed84@tripod.com"
"294","Susan","Adams","Female","sadams85@hugedomains.com"
"295","Karen","Spencer","Female","kspencer86@springer.com"
"296","David","Duncan","Male","dduncan87@barnesandnoble.com"
"297","Billy","George","Male","bgeorge88@latimes.com"
"298","Kenneth","Carr","Male","kcarr89@sitemeter.com"
"299","Wayne","Ruiz","Male","wruiz8a@webnode.com"
"300","Todd","Oliver","Male","toliver8b@w3.org"
"301","Lillian","Wright","Female","lwright8c@comsenz.com"
"302","Willie","Moore","Male",""
"303","Joan","Howard","Female","jhoward8e@independent.co.uk"
"304","Alice","Andrews","Female",""
"305","Gerald","Hanson","Male",""
"306","Dennis","Bailey","Male","dbailey8h@home.pl"
"307","Bruce","James","Male",""
"308","Theresa","Lopez","Female","tlopez8j@usatoday.com"
"309","Gloria","Bennett","Female","gbennett8k@123-reg.co.uk"
"310","Howard","Hudson","Male","hhudson8l@a8.net"
"311","Harry","Clark","Male","hclark8m@exblog.jp"
"312","Lois","Howard","Female","lhoward8n@salon.com"
"313","Wayne","Alexander","Male","walexander8o@nationalgeographic.com"
"314","Louise","Hawkins","Female",""
"315","Chris","Dean","Male","cdean8q@japanpost.jp"
"316","John","Reed","Male","jreed8r@illinois.edu"
"317","Aaron","Day","Male","aday8s@plala.or.jp"
"318","Larry","Elliott","Male","lelliott8t@photobucket.com"
"319","Billy","Hunt","Male","bhunt8u@hatena.ne.jp"
"320","Steve","Frazier","Male",""
"321","Albert","Matthews","Male","amatthews8w@upenn.edu"
"322","Brenda","Sims","Female","bsims8x@weibo.com"
"323","Thomas","Burton","Male","tburton8y@usnews.com"
"324","Irene","Rodriguez","Female","irodriguez8z@usgs.gov"
"325","Jessica","Thompson","Female","jthompson90@washingtonpost.com"
"326","Ashley","Carroll","Female",""
"327","Wanda","Evans","Female","wevans92@home.pl"
"328","Jesse","Butler","Male","jbutler93@booking.com"
"329","Harry","Garza","Male","hgarza94@ycombinator.com"
"330","Jeffrey","Torres","Male","jtorres95@salon.com"
"331","Roger","Fields","Male","rfields96@wunderground.com"
"332","Jesse","Harrison","Male","jharrison97@addtoany.com"
"333","Marie","Wood","Female","mwood98@feedburner.com"
"334","Elizabeth","Diaz","Female","ediaz99@cpanel.net"
"335","Gary","Edwards","Male","gedwards9a@kickstarter.com"
"336","Clarence","Stevens","Male","cstevens9b@fastcompany.com"
"337","Roy","Brooks","Male",""
"338","Ann","Myers","Female","amyers9d@so-net.ne.jp"
"339","Paul","Lopez","Male","plopez9e@elegantthemes.com"
"340","George","Robertson","Male","grobertson9f@quantcast.com"
"341","Gregory","Rice","Male","grice9g@youtu.be"
"342","Sean","Wood","Male","swood9h@canalblog.com"
"343","Ronald","Black","Male",""
"344","Jennifer","Sims","Female","jsims9j@lulu.com"
"345","Annie","Nguyen","Female","anguyen9k@marketwatch.com"
"346","Charles","Shaw","Male","cshaw9l@youku.com"
"347","Joe","Montgomery","Male","jmontgomery9m@umich.edu"
"348","Kelly","Moreno","Female","kmoreno9n@tuttocitta.it"
"349","Melissa","Taylor","Female","mtaylor9o@youku.com"
"350","Lori","Jacobs","Female","ljacobs9p@tripod.com"
"351","Fred","Armstrong","Male",""
"352","Raymond","Greene","Male","rgreene9r@i2i.jp"
"353","Julie","Thomas","Female","jthomas9s@bloomberg.com"
"354","Ann","Smith","Female","asmith9t@google.ca"
"355","Angela","Edwards","Female","aedwards9u@unicef.org"
"356","Lois","Oliver","Female","loliver9v@etsy.com"
"357","Aaron","Oliver","Male","aoliver9w@harvard.edu"
"358","Paul","Clark","Male","pclark9x@elegantthemes.com"
"359","Willie","Ross","Male","wross9y@vistaprint.com"
"360","James","Williams","Male","jwilliams9z@google.it"
"361","Daniel","Marshall","Male",""
"362","Alice","Nelson","Female","anelsona1@accuweather.com"
"363","Donald","Vasquez","Male",""
"364","Ralph","Barnes","Male","rbarnesa3@altervista.org"
"365","Norma","Franklin","Female","nfranklina4@networksolutions.com"
"366","Jose","Lawrence","Male",""
"367","Charles","Allen","Male","callena6@craigslist.org"
"368","Craig","Hamilton","Male","chamiltona7@hao123.com"
"369","Frank","Vasquez","Male","fvasqueza8@ibm.com"
"370","Gary","Lewis","Male","glewisa9@bizjournals.com"
"371","Phillip","Reid","Male","preidaa@whitehouse.gov"
"372","Helen","White","Female","hwhiteab@spotify.com"
"373","Tammy","Watkins","Female","twatkinsac@gmpg.org"
"374","Janice","Scott","Female","jscottad@spotify.com"
"375","Pamela","Williamson","Female","pwilliamsonae@woothemes.com"
"376","Christine","Ross","Female","crossaf@answers.com"
"377","Alice","Rogers","Female","arogersag@amazon.de"
"378","Jonathan","Wells","Male",""
"379","Lisa","Black","Female","lblackai@cdc.gov"
"380","Carl","Stewart","Male","cstewartaj@google.de"
"381","Christina","Frazier","Female","cfrazierak@statcounter.com"
"382","Ann","Martin","Female","amartinal@i2i.jp"
"383","Emily","Perkins","Female","eperkinsam@salon.com"
"384","Christine","Bradley","Female","cbradleyan@soundcloud.com"
"385","Diane","Andrews","Female","dandrewsao@delicious.com"
"386","Tammy","Gutierrez","Female","tgutierrezap@topsy.com"
"387","Stephanie","Thompson","Female","sthompsonaq@dell.com"
"388","Keith","Wilson","Male",""
"389","Jesse","Castillo","Male","jcastilloas@stumbleupon.com"
"390","Jack","Martin","Male","jmartinat@umich.edu"
"391","Martha","Graham","Female","mgrahamau@webmd.com"
"392","Teresa","Ford","Female","tfordav@yellowbook.com"
"393","Teresa","Wilson","Female","twilsonaw@g.co"
"394","Douglas","Carter","Male",""
"395","Nicholas","Hansen","Male","nhansenay@ed.gov"
"396","Jane","Mccoy","Female","jmccoyaz@epa.gov"
"397","Paula","Nichols","Female",""
"398","Ryan","Wagner","Male","rwagnerb1@independent.co.uk"
"399","Henry","Williamson","Male","hwilliamsonb2@gnu.org"
"400","Kenneth","Foster","Male","kfosterb3@sciencedaily.com"
"401","Paul","Harrison","Male","pharrisonb4@upenn.edu"
"402","Gloria","Ryan","Female",""
"403","Carl","Frazier","Male","cfrazierb6@squidoo.com"
"404","Anna","Webb","Female","awebbb7@utexas.edu"
"405","William","Hernandez","Male","whernandezb8@nhs.uk"
"406","Willie","Young","Male",""
"407","Barbara","Mills","Female","bmillsba@nytimes.com"
"408","Betty","George","Female","bgeorgebb@cisco.com"
"409","Phyllis","Foster","Female","pfosterbc@miibeian.gov.cn"
"410","Ryan","Collins","Male","rcollinsbd@umn.edu"
"411","Jesse","Woods","Male",""
"412","Ryan","Armstrong","Male",""
"413","Ernest","Harrison","Male","eharrisonbg@angelfire.com"
"414","Victor","Simpson","Male","vsimpsonbh@rambler.ru"
"415","Elizabeth","Baker","Female","ebakerbi@nhs.uk"
"416","Angela","Murray","Female","amurraybj@feedburner.com"
"417","Jacqueline","Lawrence","Female","jlawrencebk@cdc.gov"
"418","Jonathan","Cruz","Male","jcruzbl@unblog.fr"
"419","Earl","Chapman","Male",""
"420","Shawn","Carroll","Male","scarrollbn@ameblo.jp"
"421","Philip","Jackson","Male","pjacksonbo@pagesperso-orange.fr"
"422","Stephanie","Greene","Female","sgreenebp@ameblo.jp"
"423","Christopher","Lewis","Male","clewisbq@sakura.ne.jp"
"424","Jonathan","Johnston","Male","jjohnstonbr@sakura.ne.jp"
"425","Joshua","Garcia","Male","jgarciabs@symantec.com"
"426","Mildred","Washington","Female","mwashingtonbt@nbcnews.com"
"427","Jason","Gardner","Male","jgardnerbu@youtu.be"
"428","Ruth","Porter","Female","rporterbv@devhub.com"
"429","Robert","Collins","Male",""
"430","William","Hughes","Male","whughesbx@berkeley.edu"
"431","Heather","Jenkins","Female",""
"432","Doris","Harper","Female","dharperbz@geocities.jp"
"433","Phillip","Cruz","Male","pcruzc0@ftc.gov"
"434","Barbara","Harrison","Female","bharrisonc1@bbc.co.uk"
"435","Sarah","Robinson","Female","srobinsonc2@joomla.org"
"436","Andrew","Lane","Male","alanec3@google.pl"
"437","Angela","Bishop","Female","abishopc4@earthlink.net"
"438","Betty","Fowler","Female","bfowlerc5@trellian.com"
"439","Charles","Cunningham","Male","ccunninghamc6@eepurl.com"
"440","James","Nichols","Male","jnicholsc7@imgur.com"
"441","Angela","Griffin","Female",""
"442","Christina","Coleman","Female","ccolemanc9@123-reg.co.uk"
"443","Frank","Thomas","Male","fthomasca@china.com.cn"
"444","Harold","Freeman","Male","hfreemancb@hp.com"
"445","Richard","Campbell","Male","rcampbellcc@xing.com"
"446","Willie","Henry","Male",""
"447","Amanda","Rose","Female",""
"448","Carolyn","Hill","Female","chillcf@umn.edu"
"449","Sharon","Mccoy","Female",""
"450","Jacqueline","Nelson","Female","jnelsonch@illinois.edu"
"451","Phyllis","Fowler","Female","pfowlerci@reddit.com"
"452","Jonathan","Fox","Male","jfoxcj@nymag.com"
"453","Russell","Miller","Male","rmillerck@yellowpages.com"
"454","Debra","King","Female","dkingcl@alibaba.com"
"455","Ryan","Long","Male",""
"456","Roy","Stone","Male","rstonecn@imageshack.us"
"457","Gerald","Gonzales","Male","ggonzalesco@domainmarket.com"
"458","Jeremy","Burton","Male","jburtoncp@reverbnation.com"
"459","Barbara","Armstrong","Female",""
"460","Roy","Hamilton","Male",""
"461","Joe","Gray","Male","jgraycs@about.com"
"462","Robin","Ferguson","Female",""
"463","Joan","Marshall","Female","jmarshallcu@oaic.gov.au"
"464","Edward","Jackson","Male",""
"465","Gloria","Grant","Female","ggrantcw@tripadvisor.com"
"466","Doris","Thompson","Female",""
"467","Evelyn","Hill","Female","ehillcy@utexas.edu"
"468","Paul","Gibson","Male",""
"469","Brenda","Walker","Female","bwalkerd0@sogou.com"
"470","Patricia","Rice","Female","priced1@google.nl"
"471","Paula","Richards","Female","prichardsd2@aboutads.info"
"472","Ruth","Brown","Female","rbrownd3@hc360.com"
"473","George","Thompson","Male","gthompsond4@ed.gov"
"474","Ronald","Jackson","Male","rjacksond5@ebay.com"
"475","Andrew","Brown","Male","abrownd6@ca.gov"
"476","Carl","Gonzalez","Male","cgonzalezd7@timesonline.co.uk"
"477","Wanda","Berry","Female",""
"478","Amy","Hart","Female","ahartd9@t.co"
"479","Phillip","Burke","Male",""
"480","Scott","Richards","Male","srichardsdb@hatena.ne.jp"
"481","Jean","Morris","Female",""
"482","Edward","Spencer","Male","espencerdd@blogs.com"
"483","Bonnie","Hawkins","Female","bhawkinsde@webs.com"
"484","Anne","Burke","Female","aburkedf@gravatar.com"
"485","Albert","Nguyen","Male","anguyendg@sfgate.com"
"486","Alan","Gomez","Male","agomezdh@cargocollective.com"
"487","Samuel","Nichols","Male","snicholsdi@ucsd.edu"
"488","Scott","Riley","Male","srileydj@mapy.cz"
"489","Albert","Morgan","Male",""
"490","Janice","Reed","Female","jreeddl@alibaba.com"
"491","Amy","Hall","Female","ahalldm@seesaa.net"
"492","Robert","Snyder","Male","rsnyderdn@ted.com"
"493","Rachel","Daniels","Female","rdanielsdo@bizjournals.com"
"494","Theresa","Hart","Female","thartdp@google.pl"
"495","Jacqueline","Wells","Female","jwellsdq@51.la"
"496","Donald","Larson","Male",""
"497","Sandra","Weaver","Female",""
"498","Todd","Harper","Male","tharperdt@cdbaby.com"
"499","Juan","Baker","Male","jbakerdu@rambler.ru"
"500","Russell","Alexander","Male","ralexanderdv@marriott.com"
"501","Beverly","Willis","Female","bwillisdw@google.com.hk"
"502","Heather","Ward","Female","hwarddx@techcrunch.com"
"503","Michael","Cole","Male","mcoledy@live.com"
"504","Jimmy","Howard","Male","jhowarddz@sciencedaily.com"
"505","Earl","Pierce","Male","epiercee0@yelp.com"
"506","Marilyn","Nichols","Female","mnicholse1@qq.com"
"507","Tammy","Graham","Female","tgrahame2@marketwatch.com"
"508","Paul","Thompson","Male","pthompsone3@umich.edu"
"509","Jonathan","Owens","Male","jowense4@ovh.net"
"510","Emily","Green","Female","egreene5@microsoft.com"
"511","Sandra","Tucker","Female","stuckere6@jalbum.net"
"512","Justin","Howell","Male","jhowelle7@indiatimes.com"
"513","Jerry","Fields","Male",""
"514","Robin","Stone","Female","rstonee9@webnode.com"
"515","Jeffrey","Nelson","Male","jnelsonea@youtu.be"
"516","Kathryn","Sanders","Female","ksanderseb@usnews.com"
"517","Terry","Wright","Male",""
"518","Jose","Evans","Male","jevansed@ihg.com"
"519","Sara","Gardner","Female","sgardneree@springer.com"
"520","Jack","Schmidt","Male","jschmidtef@1688.com"
"521","Bobby","Grant","Male","bgranteg@behance.net"
"522","Sharon","Jones","Female",""
"523","Lillian","Perry","Female","lperryei@usnews.com"
"524","Wanda","Bailey","Female","wbaileyej@admin.ch"
"525","Terry","Hansen","Male","thansenek@edublogs.org"
"526","Wayne","Black","Male","wblackel@last.fm"
"527","Benjamin","Payne","Male","bpayneem@over-blog.com"
"528","Matthew","Crawford","Male","mcrawforden@newyorker.com"
"529","Amanda","Kelley","Female","akelleyeo@twitpic.com"
"530","Carlos","Ford","Male","cfordep@surveymonkey.com"
"531","Phyllis","Fuller","Female","pfullereq@mit.edu"
"532","Antonio","Smith","Male","asmither@cisco.com"
"533","Nicole","Burns","Female","nburnses@fda.gov"
"534","Paul","Berry","Male","pberryet@163.com"
"535","Sean","Turner","Male",""
"536","Pamela","Stewart","Female","pstewartev@deviantart.com"
"537","Arthur","Day","Male","adayew@imdb.com"
"538","Beverly","Nichols","Female","bnicholsex@sourceforge.net"
"539","Steven","Hamilton","Male","shamiltoney@go.com"
"540","Christine","Spencer","Female","cspencerez@arstechnica.com"
"541","Michael","Knight","Male",""
"542","Wayne","Brooks","Male","wbrooksf1@unblog.fr"
"543","Joshua","Nichols","Male","jnicholsf2@bloglines.com"
"544","Steven","Wallace","Male",""
"545","Ruby","Larson","Female","rlarsonf4@paginegialle.it"
"546","Ruth","Woods","Female","rwoodsf5@examiner.com"
"547","Kenneth","Miller","Male","kmillerf6@sphinn.com"
"548","Sandra","Bailey","Female","sbaileyf7@cnet.com"
"549","Edward","Kelley","Male","ekelleyf8@dmoz.org"
"550","Judy","Andrews","Female","jandrewsf9@google.co.jp"
"551","Ruth","Fernandez","Female","rfernandezfa@apache.org"
"552","Catherine","Peterson","Female",""
"553","Eugene","Dixon","Male","edixonfc@privacy.gov.au"
"554","Jessica","Carr","Female","jcarrfd@tumblr.com"
"555","Terry","Fuller","Male",""
"556","Joshua","Nguyen","Male",""
"557","Scott","Ellis","Male","sellisfg@dailymotion.com"
"558","Joseph","Larson","Male","jlarsonfh@domainmarket.com"
"559","Denise","Oliver","Female","doliverfi@sina.com.cn"
"560","Judy","Anderson","Female","jandersonfj@gravatar.com"
"561","Terry","Robinson","Male","trobinsonfk@japanpost.jp"
"562","Sean","Ward","Male",""
"563","Alice","Shaw","Female","ashawfm@slashdot.org"
"564","Victor","Bennett","Male","vbennettfn@bbb.org"
"565","Nicholas","Young","Male","nyoungfo@netscape.com"
"566","Mary","Ford","Female","mfordfp@prweb.com"
"567","George","Hamilton","Male","ghamiltonfq@moonfruit.com"
"568","Earl","Wright","Male",""
"569","Pamela","Watkins","Female","pwatkinsfs@nature.com"
"570","Teresa","Sanders","Female","tsandersft@wikipedia.org"
"571","Virginia","Jones","Female",""
"572","Todd","Weaver","Male","tweaverfv@engadget.com"
"573","Heather","Reyes","Female",""
"574","David","Rose","Male",""
"575","Benjamin","Chavez","Male","bchavezfy@reverbnation.com"
"576","Victor","Snyder","Male",""
"577","Antonio","Mason","Male",""
"578","Helen","Chapman","Female","hchapmang1@quantcast.com"
"579","Russell","Hunter","Male",""
"580","Phyllis","Hart","Female","phartg3@drupal.org"
"581","Mark","Duncan","Male","mduncang4@cbc.ca"
"582","Martin","Wells","Male","mwellsg5@newyorker.com"
"583","Julie","Bell","Female","jbellg6@yellowpages.com"
"584","Gerald","King","Male","gkingg7@mac.com"
"585","Robert","Crawford","Male","rcrawfordg8@uiuc.edu"
"586","Brian","Rodriguez","Male","brodriguezg9@icq.com"
"587","Ruby","Cole","Female","rcolega@who.int"
"588","Emily","Morris","Female","emorrisgb@e-recht24.de"
"589","Ernest","Sims","Male","esimsgc@economist.com"
"590","Eugene","Peterson","Male","epetersongd@homestead.com"
"591","Ann","Edwards","Female","aedwardsge@dropbox.com"
"592","Donald","Berry","Male","dberrygf@chronoengine.com"
"593","Jean","Oliver","Female",""
"594","Daniel","Day","Male","ddaygh@auda.org.au"
"595","Albert","Torres","Male",""
"596","Phillip","Harvey","Male","pharveygj@businessweek.com"
"597","Helen","Woods","Female",""
"598","Melissa","Allen","Female","mallengl@mozilla.org"
"599","Jose","Wells","Male",""
"600","Raymond","Murphy","Male","rmurphygn@ebay.com"
"601","Ryan","Bowman","Male","rbowmango@blogtalkradio.com"
"602","Laura","Carr","Female",""
"603","Earl","Gray","Male","egraygq@seesaa.net"
"604","Marilyn","Franklin","Female","mfranklingr@nymag.com"
"605","Earl","Medina","Male","emedinags@ask.com"
"606","Juan","Coleman","Male","jcolemangt@yale.edu"
"607","Gerald","Fernandez","Male","gfernandezgu@ft.com"
"608","Debra","Wells","Female",""
"609","Theresa","Boyd","Female",""
"610","Donna","Sims","Female","dsimsgx@intel.com"
"611","Teresa","Mitchell","Female",""
"612","Jimmy","Richards","Male","jrichardsgz@mapy.cz"
"613","Michelle","Bell","Female","mbellh0@purevolume.com"
"614","Fred","Willis","Male","fwillish1@yandex.ru"
"615","Lori","Jenkins","Female","ljenkinsh2@google.com.br"
"616","Harold","Dean","Male","hdeanh3@hatena.ne.jp"
"617","Roy","Warren","Male","rwarrenh4@mashable.com"
"618","Richard","Vasquez","Male","rvasquezh5@scientificamerican.com"
"619","Scott","Scott","Male",""
"620","Roy","Marshall","Male","rmarshallh7@addthis.com"
"621","Debra","Bradley","Female","dbradleyh8@posterous.com"
"622","Larry","Frazier","Male","lfrazierh9@vinaora.com"
"623","Carol","Porter","Female",""
"624","Anna","Ellis","Female","aellishb@skype.com"
"625","Brian","Gardner","Male","bgardnerhc@paginegialle.it"
"626","Henry","Kelley","Male","hkelleyhd@indiegogo.com"
"627","Joseph","Arnold","Male",""
"628","Gary","Allen","Male",""
"629","Ann","Elliott","Female",""
"630","Brian","Willis","Male",""
"631","Carolyn","Myers","Female",""
"632","Matthew","Frazier","Male","mfrazierhj@paginegialle.it"
"633","Kathleen","Hamilton","Female","khamiltonhk@shop-pro.jp"
"634","Jeffrey","Kelley","Male","jkelleyhl@newyorker.com"
"635","Jeffrey","Owens","Male","jowenshm@huffingtonpost.com"
"636","John","Berry","Male","jberryhn@goo.ne.jp"
"637","Philip","Johnston","Male","pjohnstonho@seesaa.net"
"638","Margaret","Willis","Female","mwillishp@springer.com"
"639","Kevin","Wheeler","Male",""
"640","Angela","Boyd","Female","aboydhr@360.cn"
"641","Paula","Mendoza","Female","pmendozahs@japanpost.jp"
"642","Craig","Kennedy","Male","ckennedyht@e-recht24.de"
"643","John","Fox","Male","jfoxhu@fema.gov"
"644","Philip","Mccoy","Male","pmccoyhv@newsvine.com"
"645","Tina","Jacobs","Female","tjacobshw@alexa.com"
"646","Donald","Miller","Male",""
"647","Nicholas","Hayes","Male","nhayeshy@columbia.edu"
"648","Karen","Harrison","Female","kharrisonhz@godaddy.com"
"649","Joyce","Taylor","Female","jtaylori0@ibm.com"
"650","Diane","Ruiz","Female","druizi1@vistaprint.com"
"651","Joyce","Ford","Female","jfordi2@123-reg.co.uk"
"652","Teresa","Moore","Female","tmoorei3@360.cn"
"653","Eugene","Brooks","Male","ebrooksi4@gravatar.com"
"654","Eric","Ellis","Male","eellisi5@businessinsider.com"
"655","Howard","Palmer","Male","hpalmeri6@home.pl"
"656","Ashley","Ford","Female","afordi7@gov.uk"
"657","Jonathan","Murphy","Male","jmurphyi8@microsoft.com"
"658","Deborah","Nguyen","Female",""
"659","Joan","Armstrong","Female",""
"660","Michelle","Knight","Female","mknightib@accuweather.com"
"661","Angela","Allen","Female",""
"662","Bobby","Tucker","Male","btuckerid@jalbum.net"
"663","Matthew","Baker","Male",""
"664","Norma","Berry","Female","nberryif@dion.ne.jp"
"665","Patrick","Morris","Male","pmorrisig@usda.gov"
"666","Ann","Marshall","Female","amarshallih@jalbum.net"
"667","Frank","Gibson","Male","fgibsonii@myspace.com"
"668","John","Fernandez","Male","jfernandezij@dagondesign.com"
"669","Terry","White","Male",""
"670","Henry","Payne","Male","hpayneil@google.com"
"671","Sara","Ramos","Female","sramosim@people.com.cn"
"672","Eugene","Burns","Male","eburnsin@discuz.net"
"673","Kathryn","Hicks","Female","khicksio@hp.com"
"674","William","Vasquez","Male",""
"675","Nancy","Parker","Female","nparkeriq@omniture.com"
"676","Patrick","Johnson","Male",""
"677","Virginia","Peters","Female",""
"678","Dorothy","Phillips","Female","dphillipsit@abc.net.au"
"679","Nicole","Porter","Female","nporteriu@facebook.com"
"680","George","Austin","Male","gaustiniv@ask.com"
"681","Tina","Duncan","Female","tduncaniw@tumblr.com"
"682","Denise","Shaw","Female","dshawix@sfgate.com"
"683","Patricia","Greene","Female","pgreeneiy@dot.gov"
"684","Scott","Frazier","Male",""
"685","Judy","Ruiz","Female","jruizj0@spotify.com"
"686","Frank","Torres","Male","ftorresj1@virginia.edu"
"687","Julie","Price","Female","jpricej2@spotify.com"
"688","Shawn","Morrison","Male","smorrisonj3@a8.net"
"689","Denise","Franklin","Female","dfranklinj4@blog.com"
"690","Fred","Parker","Male","fparkerj5@hostgator.com"
"691","Chris","Baker","Male","cbakerj6@qq.com"
"692","Rachel","Chapman","Female","rchapmanj7@va.gov"
"693","George","Gutierrez","Male","ggutierrezj8@mac.com"
"694","Jack","Ramirez","Male","jramirezj9@aboutads.info"
"695","Amanda","Ellis","Female","aellisja@youku.com"
"696","Harry","Fuller","Male",""
"697","Brenda","Smith","Female","bsmithjc@youtu.be"
"698","Jack","Cooper","Male","jcooperjd@usa.gov"
"699","Jeremy","Woods","Male",""
"700","Joyce","Holmes","Female",""
"701","Billy","Lawrence","Male","blawrencejg@upenn.edu"
"702","Bobby","Watson","Male","bwatsonjh@un.org"
"703","Sarah","Harris","Female",""
"704","Jessica","Phillips","Female",""
"705","Wayne","Hernandez","Male","whernandezjk@artisteer.com"
"706","Stephanie","Price","Female",""
"707","Paula","Dixon","Female","pdixonjm@virginia.edu"
"708","Melissa","Johnston","Female","mjohnstonjn@yolasite.com"
"709","Amanda","Lawson","Female","alawsonjo@phpbb.com"
"710","Bonnie","Morales","Female","bmoralesjp@fc2.com"
"711","Johnny","Chavez","Male",""
"712","Raymond","Wells","Male","rwellsjr@gmpg.org"
"713","Jesse","Johnston","Male","jjohnstonjs@merriam-webster.com"
"714","Betty","Wagner","Female","bwagnerjt@fotki.com"
"715","Shawn","Greene","Male","sgreeneju@fda.gov"
"716","Martha","Ryan","Female","mryanjv@youtube.com"
"717","Carolyn","Reed","Female","creedjw@bing.com"
"718","Theresa","Weaver","Female","tweaverjx@prnewswire.com"
"719","Clarence","Hanson","Male","chansonjy@bloglovin.com"
"720","Jesse","Butler","Male",""
"721","Aaron","Roberts","Male","arobertsk0@eventbrite.com"
"722","Joseph","Ford","Male","jfordk1@disqus.com"
"723","Melissa","Bell","Female",""
"724","Donald","Baker","Male",""
"725","Tammy","Gilbert","Female",""
"726","Larry","Elliott","Male","lelliottk5@businessweek.com"
"727","Julia","Ellis","Female","jellisk6@histats.com"
"728","Ernest","Stevens","Male",""
"729","Pamela","Payne","Female","ppaynek8@miibeian.gov.cn"
"730","Steven","Medina","Male","smedinak9@virginia.edu"
"731","Earl","Reid","Male","ereidka@google.de"
"732","Elizabeth","Cook","Female",""
"733","Albert","Powell","Male","apowellkc@slashdot.org"
"734","Jack","Mendoza","Male","jmendozakd@pagesperso-orange.fr"
"735","Philip","Stevens","Male","pstevenske@youtu.be"
"736","Aaron","Phillips","Male","aphillipskf@cocolog-nifty.com"
"737","Earl","Ryan","Male","eryankg@slate.com"
"738","Virginia","Miller","Female",""
"739","Linda","Carpenter","Female",""
"740","Alan","Nelson","Male","anelsonkj@prweb.com"
"741","Eugene","Williams","Male","ewilliamskk@biglobe.ne.jp"
"742","Evelyn","Johnston","Female","ejohnstonkl@t-online.de"
"743","Maria","Davis","Female","mdaviskm@shutterfly.com"
"744","Keith","Kelly","Male","kkellykn@ycombinator.com"
"745","Roger","Ferguson","Male","rfergusonko@harvard.edu"
"746","Lori","Ortiz","Female","lortizkp@wsj.com"
"747","Benjamin","Torres","Male",""
"748","Anna","Perkins","Female","aperkinskr@rambler.ru"
"749","Jack","Diaz","Male",""
"750","Pamela","Murphy","Female","pmurphykt@irs.gov"
"751","Joyce","Elliott","Female","jelliottku@seattletimes.com"
"752","Benjamin","Harris","Male","bharriskv@epa.gov"
"753","Juan","Ross","Male","jrosskw@whitehouse.gov"
"754","Peter","Carr","Male","pcarrkx@indiegogo.com"
"755","Emily","Carpenter","Female","ecarpenterky@nasa.gov"
"756","Aaron","Bishop","Male",""
"757","Joshua","Price","Male",""
"758","Janice","Knight","Female","jknightl1@walmart.com"
"759","Edward","Kelly","Male","ekellyl2@unc.edu"
"760","Chris","Rivera","Male","criveral3@oracle.com"
"761","Irene","Nguyen","Female","inguyenl4@ocn.ne.jp"
"762","Michael","Weaver","Male","mweaverl5@pagesperso-orange.fr"
"763","Mary","Hamilton","Female","mhamiltonl6@lulu.com"
"764","Joe","Patterson","Male","jpattersonl7@google.com"
"765","Gloria","Gardner","Female","ggardnerl8@scribd.com"
"766","Amanda","West","Female","awestl9@infoseek.co.jp"
"767","Christopher","Warren","Male",""
"768","Martin","Alexander","Male","malexanderlb@about.com"
"769","William","Kelley","Male",""
"770","Paula","Peters","Female",""
"771","Billy","Clark","Male","bclarkle@usatoday.com"
"772","Mark","Woods","Male","mwoodslf@bloomberg.com"
"773","Randy","Harvey","Male","rharveylg@unblog.fr"
"774","John","Johnston","Male","jjohnstonlh@csmonitor.com"
"775","Daniel","Morris","Male","dmorrisli@sun.com"
"776","Paul","Perry","Male","pperrylj@intel.com"
"777","Joan","Richardson","Female","jrichardsonlk@shop-pro.jp"
"778","Shawn","James","Male","sjamesll@sitemeter.com"
"779","Christine","Hansen","Female","chansenlm@booking.com"
"780","Kathy","Hanson","Female",""
"781","Marilyn","Bell","Female","mbelllo@walmart.com"
"782","Martha","Ramos","Female",""
"783","Jane","Lane","Female","jlanelq@ox.ac.uk"
"784","Heather","Mcdonald","Female","hmcdonaldlr@wordpress.org"
"785","Richard","Wells","Male","rwellsls@wp.com"
"786","Jennifer","Wood","Female",""
"787","Anna","Gilbert","Female","agilbertlu@amazon.de"
"788","Brenda","Ortiz","Female","bortizlv@businesswire.com"
"789","Martha","Sims","Female","msimslw@sohu.com"
"790","Todd","Peters","Male","tpeterslx@shareasale.com"
"791","Harold","Ramos","Male","hramosly@wordpress.org"
"792","Michael","Lopez","Male","mlopezlz@godaddy.com"
"793","Gregory","Lane","Male","glanem0@tamu.edu"
"794","Andrea","Johnston","Female","ajohnstonm1@cdbaby.com"
"795","Daniel","Jackson","Male","djacksonm2@de.vu"
"796","Jacqueline","Long","Female","jlongm3@diigo.com"
"797","Joseph","Lopez","Male",""
"798","Carl","Grant","Male","cgrantm5@booking.com"
"799","Marie","Chavez","Female","mchavezm6@plala.or.jp"
"800","Christine","Nguyen","Female","cnguyenm7@e-recht24.de"
"801","Larry","Phillips","Male","lphillipsm8@yellowpages.com"
"802","Sarah","Ferguson","Female","sfergusonm9@state.tx.us"
"803","Mildred","Ortiz","Female","mortizma@fastcompany.com"
"804","Michael","Bradley","Male",""
"805","Terry","Miller","Male",""
"806","Betty","Fox","Female","bfoxmd@plala.or.jp"
"807","Annie","Garrett","Female","agarrettme@eventbrite.com"
"808","Brian","Dunn","Male","bdunnmf@cnn.com"
"809","Scott","Black","Male","sblackmg@edublogs.org"
"810","Martha","Rogers","Female",""
"811","Gloria","Reid","Female","greidmi@squidoo.com"
"812","Katherine","Lynch","Female",""
"813","Linda","Coleman","Female","lcolemanmk@wordpress.com"
"814","Juan","Cole","Male","jcoleml@devhub.com"
"815","Jimmy","Larson","Male","jlarsonmm@nasa.gov"
"816","Irene","Grant","Female","igrantmn@cam.ac.uk"
"817","Carol","Bell","Female","cbellmo@dell.com"
"818","Howard","Watson","Male",""
"819","Barbara","Hudson","Female","bhudsonmq@va.gov"
"820","Charles","Brown","Male","cbrownmr@hp.com"
"821","Adam","Bailey","Male","abaileyms@nps.gov"
"822","Anthony","Black","Male","ablackmt@squidoo.com"
"823","Lois","Johnson","Female","ljohnsonmu@telegraph.co.uk"
"824","Roger","Stephens","Male","rstephensmv@umn.edu"
"825","Jack","Patterson","Male","jpattersonmw@craigslist.org"
"826","Nancy","Ray","Female","nraymx@paginegialle.it"
"827","Emily","Pierce","Female","epiercemy@infoseek.co.jp"
"828","Bobby","Schmidt","Male","bschmidtmz@icio.us"
"829","Walter","Olson","Male","wolsonn0@cdbaby.com"
"830","Lawrence","Lane","Male","llanen1@mapy.cz"
"831","Bobby","Fox","Male",""
"832","Craig","West","Male","cwestn3@hud.gov"
"833","Cheryl","Fields","Female","cfieldsn4@weebly.com"
"834","Deborah","Taylor","Female","dtaylorn5@ask.com"
"835","Terry","Boyd","Male",""
"836","Patricia","Butler","Female",""
"837","Michael","Long","Male","mlongn8@liveinternet.ru"
"838","Judith","Alvarez","Female","jalvarezn9@mediafire.com"
"839","Billy","Alexander","Male","balexanderna@newyorker.com"
"840","Stephen","Hawkins","Male","shawkinsnb@wisc.edu"
"841","Gerald","Peterson","Male","gpetersonnc@rambler.ru"
"842","Arthur","Brown","Male","abrownnd@storify.com"
"843","Margaret","Stewart","Female",""
"844","Chris","Tucker","Male",""
"845","Wanda","Edwards","Female","wedwardsng@themeforest.net"
"846","Gloria","Gonzales","Female","ggonzalesnh@alibaba.com"
"847","Rebecca","Harrison","Female","rharrisonni@independent.co.uk"
"848","Katherine","Morrison","Female","kmorrisonnj@princeton.edu"
"849","Alan","Clark","Male","aclarknk@foxnews.com"
"850","Bruce","Parker","Male","bparkernl@sourceforge.net"
"851","Albert","Harrison","Male","aharrisonnm@liveinternet.ru"
"852","Arthur","Spencer","Male","aspencernn@liveinternet.ru"
"853","Jimmy","Ford","Male","jfordno@nbcnews.com"
"854","Linda","Cooper","Female","lcoopernp@redcross.org"
"855","Charles","Garrett","Male","cgarrettnq@google.pl"
"856","Jose","Russell","Male","jrussellnr@fastcompany.com"
"857","Benjamin","Snyder","Male","bsnyderns@wikimedia.org"
"858","Gloria","Davis","Female",""
"859","Adam","Kennedy","Male","akennedynu@prlog.org"
"860","Chris","Rose","Male","crosenv@t-online.de"
"861","Carlos","Bryant","Male","cbryantnw@printfriendly.com"
"862","William","Gray","Male","wgraynx@blogspot.com"
"863","Cheryl","Burton","Female",""
"864","Russell","Cruz","Male","rcruznz@google.co.uk"
"865","Theresa","Henderson","Female","thendersono0@drupal.org"
"866","Julia","Coleman","Female","jcolemano1@w3.org"
"867","Bruce","Stone","Male","bstoneo2@nhs.uk"
"868","David","Cruz","Male","dcruzo3@cloudflare.com"
"869","Donna","Lopez","Female","dlopezo4@businesswire.com"
"870","Eugene","Harvey","Male","eharveyo5@jiathis.com"
"871","Norma","Clark","Female","nclarko6@usda.gov"
"872","Julia","Payne","Female","jpayneo7@1688.com"
"873","Stephen","Henderson","Male","shendersono8@icq.com"
"874","Jacqueline","Price","Female","jpriceo9@cnbc.com"
"875","Jane","Moore","Female",""
"876","Antonio","Armstrong","Male","aarmstrongob@vistaprint.com"
"877","Shawn","Williams","Male","swilliamsoc@hao123.com"
"878","Douglas","Washington","Male","dwashingtonod@google.es"
"879","Sharon","Gilbert","Female","sgilbertoe@earthlink.net"
"880","Ralph","Mason","Male","rmasonof@webs.com"
"881","Brandon","Medina","Male","bmedinaog@tmall.com"
"882","Phyllis","Chapman","Female",""
"883","Helen","Burns","Female","hburnsoi@psu.edu"
"884","Bobby","Griffin","Male",""
"885","Lawrence","Dean","Male","ldeanok@com.com"
"886","Charles","Jackson","Male","cjacksonol@cafepress.com"
"887","Joseph","Rogers","Male",""
"888","Lisa","Jenkins","Female","ljenkinson@newsvine.com"
"889","Cheryl","Mills","Female",""
"890","Philip","Wallace","Male","pwallaceop@youtu.be"
"891","Kathy","Schmidt","Female","kschmidtoq@delicious.com"
"892","Christina","Duncan","Female","cduncanor@tiny.cc"
"893","Anna","Freeman","Female","afreemanos@wiley.com"
"894","Lois","Holmes","Female",""
"895","Betty","Bailey","Female","bbaileyou@dell.com"
"896","Arthur","Stewart","Male",""
"897","Ann","Fuller","Female","afullerow@arstechnica.com"
"898","Diane","Lee","Female","dleeox@vkontakte.ru"
"899","Tammy","Berry","Female","tberryoy@163.com"
"900","Marie","Myers","Female","mmyersoz@shutterfly.com"
"901","Kelly","Castillo","Female","kcastillop0@opensource.org"
"902","Sara","Moreno","Female",""
"903","Irene","West","Female","iwestp2@opensource.org"
"904","Roger","Grant","Male","rgrantp3@comcast.net"
"905","Mildred","Weaver","Female","mweaverp4@sun.com"
"906","Thomas","Anderson","Male",""
"907","Johnny","Hernandez","Male","jhernandezp6@nymag.com"
"908","Eugene","Garcia","Male",""
"909","Willie","Larson","Male",""
"910","Joe","Riley","Male",""
"911","Louise","Lopez","Female","llopezpa@abc.net.au"
"912","Bruce","Rose","Male","brosepb@businessweek.com"
"913","Carolyn","Frazier","Female","cfrazierpc@wsj.com"
"914","Todd","Fernandez","Male",""
"915","Steven","Thomas","Male",""
"916","Jerry","Garza","Male","jgarzapf@dmoz.org"
"917","Larry","Rose","Male","lrosepg@squarespace.com"
"918","Jean","Pierce","Female","jpierceph@omniture.com"
"919","Jane","Jenkins","Female","jjenkinspi@apple.com"
"920","Andrea","Morrison","Female",""
"921","Sara","Wilson","Female","swilsonpk@jugem.jp"
"922","Sara","Shaw","Female",""
"923","Raymond","Payne","Male","rpaynepm@sina.com.cn"
"924","Mark","Taylor","Male","mtaylorpn@trellian.com"
"925","Andrew","Mills","Male","amillspo@godaddy.com"
"926","Patrick","Schmidt","Male","pschmidtpp@bravesites.com"
"927","Albert","Brown","Male","abrownpq@google.pl"
"928","Jessica","Scott","Female","jscottpr@4shared.com"
"929","Ronald","Burke","Male","rburkeps@businessweek.com"
"930","Mildred","Duncan","Female",""
"931","Marilyn","Reid","Female","mreidpu@vistaprint.com"
"932","Paula","Jordan","Female",""
"933","Adam","Howard","Male","ahowardpw@wisc.edu"
"934","Patrick","Fowler","Male","pfowlerpx@noaa.gov"
"935","Jessica","Woods","Female","jwoodspy@upenn.edu"
"936","Frances","Murphy","Female","fmurphypz@pcworld.com"
"937","Cynthia","Turner","Female","cturnerq0@gov.uk"
"938","Peter","Hill","Male","phillq1@freewebs.com"
"939","Phyllis","Hunter","Female",""
"940","Kimberly","Watson","Female",""
"941","Ralph","Romero","Male","rromeroq4@typepad.com"
"942","Mildred","Richardson","Female","mrichardsonq5@blogtalkradio.com"
"943","Patrick","Rogers","Male","progersq6@slideshare.net"
"944","Roy","Meyer","Male","rmeyerq7@ezinearticles.com"
"945","Diana","Stewart","Female","dstewartq8@mayoclinic.com"
"946","Steven","Richardson","Male",""
"947","Jeremy","Perez","Male","jperezqa@hugedomains.com"
"948","Janice","Cruz","Female","jcruzqb@uiuc.edu"
"949","Kathy","Clark","Female","kclarkqc@hao123.com"
"950","Linda","Mcdonald","Female","lmcdonaldqd@bbc.co.uk"
"951","Tammy","Wilson","Female","twilsonqe@amazonaws.com"
"952","Deborah","Owens","Female",""
"953","Pamela","Spencer","Female","pspencerqg@woothemes.com"
"954","Irene","Holmes","Female","iholmesqh@howstuffworks.com"
"955","Katherine","Cox","Female","kcoxqi@rakuten.co.jp"
"956","Mildred","Kim","Female","mkimqj@oakley.com"
"957","Andrew","Chapman","Male","achapmanqk@state.tx.us"
"958","Linda","Gilbert","Female",""
"959","Brenda","Fernandez","Female","bfernandezqm@businesswire.com"
"960","Eugene","Hudson","Male","ehudsonqn@seesaa.net"
"961","Shawn","Jacobs","Male",""
"962","Irene","Hall","Female","ihallqp@yellowpages.com"
"963","Steven","Kelly","Male",""
"964","Peter","Burke","Male","pburkeqr@princeton.edu"
"965","Earl","Rogers","Male","erogersqs@reuters.com"
"966","Barbara","Greene","Female","bgreeneqt@yahoo.co.jp"
"967","Ronald","Myers","Male","rmyersqu@ox.ac.uk"
"968","Juan","Hernandez","Male","jhernandezqv@accuweather.com"
"969","Kimberly","Phillips","Female","kphillipsqw@comsenz.com"
"970","Joseph","Murphy","Male","jmurphyqx@yellowbook.com"
"971","Jane","Montgomery","Female","jmontgomeryqy@networksolutions.com"
"972","Heather","Lawson","Female","hlawsonqz@sina.com.cn"
"973","Donald","Hayes","Male","dhayesr0@ftc.gov"
"974","Rose","Sullivan","Female","rsullivanr1@bravesites.com"
"975","Irene","Marshall","Female","imarshallr2@tripod.com"
"976","Jose","Fowler","Male",""
"977","Janet","Rogers","Female","jrogersr4@yellowbook.com"
"978","Willie","Greene","Male","wgreener5@utexas.edu"
"979","John","Chapman","Male","jchapmanr6@123-reg.co.uk"
"980","Ralph","Henderson","Male","rhendersonr7@mtv.com"
"981","Rebecca","Hicks","Female","rhicksr8@dot.gov"
"982","Scott","Price","Male","spricer9@prlog.org"
"983","Ralph","Stone","Male","rstonera@histats.com"
"984","Nancy","Evans","Female",""
"985","Jack","Kelly","Male","jkellyrc@cargocollective.com"
"986","Samuel","Mills","Male","smillsrd@engadget.com"
"987","Benjamin","Sanchez","Male","bsanchezre@usatoday.com"
"988","Timothy","Garza","Male",""
"989","Raymond","Stewart","Male","rstewartrg@cargocollective.com"
"990","Robin","Stone","Female",""
"991","Mark","Wallace","Male","mwallaceri@tamu.edu"
"992","Christine","Fox","Female","cfoxrj@nasa.gov"
"993","Anna","Griffin","Female",""
"994","Kevin","Vasquez","Male","kvasquezrl@who.int"
"995","Todd","Murray","Male","tmurrayrm@time.com"
"996","Katherine","Gutierrez","Female",""
"997","Earl","Wallace","Male","ewallacero@blogs.com"
"998","Marie","Reed","Female",""
"999","Randy","Burns","Male",""
"1000","Christine","Ryan","Female","cryanrr@google.es"
